<?xml version="1.0" encoding="UTF-8"?>
<!DOCTYPE suite SYSTEM "https://testng.org/testng-1.0.dtd">
<suite name="Suite">
  <test thread-count="3" name="Test" parallel="tests">
  <parameter name="browser" value="chrome"></parameter>
  <classes>
 <!--<class name="opencartTestCases.RegistrationTest"></class> -->
 <!--<class name="opencartTestCases.AddToCartTest"></class>-->
 <class name="opencartTestCases.CheckoutTest"></class>
  </classes>
  </test> <!-- Test -->
</suite> <!-- Suite -->
